[{"model": "rango.user", "pk": 1, "fields": {"password": "pbkdf2_sha256$30000$cOUFBCFp0DKb$AEyNd0rdQyTWr1WeZ8FMTtNbh5xLqPxWqFQM/PR+ySY=", "last_login": "2017-03-20T19:15:04.761Z", "is_superuser": true, "email": "c@t.com", "first_name": "Charlie", "last_name": "Thomas", "date_joined": "2017-03-20T19:10:24.623Z", "repository_url": "", "is_staff": true, "is_active": true, "groups": [], "user_permissions": []}}, {"model": "rango.user", "pk": 2, "fields": {"password": "pbkdf2_sha256$30000$Af6H1TJk5TGh$VxfJ33WbipkqSBZJdz5cSL4xHOY1z/e2wEwnanFyEe4=", "last_login": "2017-03-20T19:11:57Z", "is_superuser": false, "email": "2198970T@student.gla.ac.uk", "first_name": "Charlie", "last_name": "Thomas", "date_joined": "2017-03-20T19:11:56.342Z", "repository_url": "https://github.com/charlie-thomas/django-lab", "is_staff": false, "is_active": true, "groups": [], "user_permissions": []}}, {"model": "rango.testcategory", "pk": 1, "fields": {"name": "Chapter 3"}}, {"model": "rango.testcategory", "pk": 2, "fields": {"name": "Chapter 4"}}, {"model": "rango.testcategory", "pk": 3, "fields": {"name": "Chapter 5"}}, {"model": "rango.testcategory", "pk": 4, "fields": {"name": "Chapter 6"}}, {"model": "rango.testcategory", "pk": 5, "fields": {"name": "Chapter 7"}}, {"model": "rango.testcategory", "pk": 6, "fields": {"name": "Chapter 8"}}, {"model": "rango.testcategory", "pk": 7, "fields": {"name": "Chapter 9"}}, {"model": "rango.testcategory", "pk": 8, "fields": {"name": "Chapter 10"}}, {"model": "rango.test", "pk": 1, "fields": {"name": "Access Category That Does Not Exist", "case": "rango.nucleus_tests.tests_chapter7.Chapter7ViewTests", "test": "test_access_category_that_does_not_exists", "description": "Check that an error does not occur when trying to access a category page that doesn't exist", "category": 5}}, {"model": "rango.test", "pk": 2, "fields": {"name": "Category Form Being Displayed Correctly", "case": "rango.nucleus_tests.tests_chapter7.Chapter7ViewTests", "test": "test_add_category_form_is_displayed_correctly", "description": "Check whether '<h1>Add a Category</h1>'; 'Please enter the category name.'; 'id=\"id_name\" maxlength=\"128\" name=\"name\" type=\"text\"' ; and 'type=\"submit\" name=\"submit\" value=\"Create Category\"' all appear on the 'add_category' page.", "category": 5}}, {"model": "rango.test", "pk": 3, "fields": {"name": "Add Page Form Displaying Correctly", "case": "rango.nucleus_tests.tests_chapter7.Chapter7ViewTests", "test": "test_add_page_form_is_displayed_correctly", "description": "Checks whether 'Please enter the title of the page.' ; 'Please enter the URL of the page.' ; 'id=\"id_title\" maxlength=\"128\" name=\"title\" type=\"text\"' ;  'id=\"id_url\" maxlength=\"200\" name=\"url\" type=\"url\"' ; and 'type=\"submit\" name=\"submit\" value=\"Add Page\"' all appear on the add page page.", "category": 5}}, {"model": "rango.test", "pk": 4, "fields": {"name": "Category Page Contains Link To Add Pages", "case": "rango.nucleus_tests.tests_chapter7.Chapter7ViewTests", "test": "test_category_contains_link_to_add_page", "description": "Check whether the category pages contain a link to add a new page to that category.", "category": 5}}, {"model": "rango.test", "pk": 5, "fields": {"name": "Index Page Contains Link to Add Category", "case": "rango.nucleus_tests.tests_chapter7.Chapter7ViewTests", "test": "test_index_contains_link_to_add_category", "description": "Check whether there is text with a link on the index page which takes you to the add category page.", "category": 5}}, {"model": "rango.test", "pk": 6, "fields": {"name": "Link To Add Pages Only Appears On Valid Categories", "case": "rango.nucleus_tests.tests_chapter7.Chapter7ViewTests", "test": "test_link_to_add_page_only_appears_in_valid_categories", "description": "Checks that the link to add a page to the category only appears if the category actually exists in the database.", "category": 5}}, {"model": "rango.test", "pk": 7, "fields": {"name": "User Profile Model Working Correctly", "case": "rango.nucleus_tests.tests_chapter9.Chapter9ModelTests", "test": "test_user_profile_model", "description": "Creates a new user and checks whether the user is saved correctly to the database.", "category": 7}}, {"model": "rango.test", "pk": 8, "fields": {"name": "Login Form Displayed Correctly", "case": "rango.nucleus_tests.tests_chapter9.Chapter9ViewTests", "test": "test_login_form_is_displayed_correctly", "description": "Checks if the login page contains '<h1>Login to Rango</h1>' followed by the username and password labels/inputs followed by a submit button.", "category": 7}}, {"model": "rango.test", "pk": 9, "fields": {"name": "Login Form Provides Error Reporting", "case": "rango.nucleus_tests.tests_chapter9.Chapter9ViewTests", "test": "test_login_provides_error_message", "description": "Test if 'Invalid login details supplied.' appears if wrong user details are inputted to the login form.", "category": 7}}, {"model": "rango.test", "pk": 10, "fields": {"name": "Login Redirects To Index", "case": "rango.nucleus_tests.tests_chapter9.Chapter9ViewTests", "test": "test_login_redirects_to_index", "description": "Check whether a signed in user visiting the login page will be redirected to the index page.", "category": 7}}, {"model": "rango.test", "pk": 11, "fields": {"name": "Registration Form Displaying Correctly", "case": "rango.nucleus_tests.tests_chapter9.Chapter9ViewTests", "test": "test_registration_form_is_displayed_correctly", "description": "Check if the register page contains '<strong>register here!</strong><br />' followed by an instance of the user_form and profile_form.", "category": 7}}, {"model": "rango.test", "pk": 12, "fields": {"name": "Uploading Profile Images Working Correctly", "case": "rango.nucleus_tests.tests_chapter9.Chapter9ViewTests", "test": "test_upload_image", "description": "Creates a new user with a profile image, then checks the media path to see if the image is stored and checks if the user model links to the correct image.", "category": 7}}, {"model": "rango.test", "pk": 13, "fields": {"name": "About Contains Create Message (3)", "case": "rango.nucleus_tests.tests_chapter3.Chapter3ViewTests", "test": "test_about_contains_create_message", "description": "Check if  'Rango says here is the about page' appears on the about page.", "category": 1}}, {"model": "rango.test", "pk": 14, "fields": {"name": "Index Page Contains Hello Message (3)", "case": "rango.nucleus_tests.tests_chapter3.Chapter3ViewTests", "test": "test_index_contains_hello_message", "description": "Check whether 'Rango says' appears on the index page.", "category": 1}}, {"model": "rango.test", "pk": 15, "fields": {"name": "Index Page Displays Number Of Accesses and Last Access", "case": "rango.nucleus_tests.tests_chapter10.Chapter10SessionTests", "test": "test_user_number_of_access_and_last_access_to_index", "description": "Check whether the index page contains the number of times a user has accessed the page and the time of their last access.", "category": 8}}, {"model": "rango.test", "pk": 16, "fields": {"name": "About Page Shows Number of Visits", "case": "rango.nucleus_tests.tests_chapter10.Chapter10ViewTests", "test": "test_about_page_shows_number_of_visits", "description": "Check if the about page shows the correct number of times a user has visited the page.", "category": 8}}, {"model": "rango.test", "pk": 17, "fields": {"name": "Index Page Displays Number Of Visits", "case": "rango.nucleus_tests.tests_chapter10.Chapter10ViewTests", "test": "test_index_shows_number_of_visits", "description": "Check whether the index page displays the correct number of visits for a user.", "category": 8}}, {"model": "rango.test", "pk": 18, "fields": {"name": "Number Of Visits Exists In Index Context Dictionary", "case": "rango.nucleus_tests.tests_chapter10.Chapter10ViewTests", "test": "test_visit_number_is_passed_via_context", "description": "Checks whether the number of times a user has visited is being passed to the index template in the index view context dictionary.", "category": 8}}, {"model": "rango.test", "pk": 19, "fields": {"name": "About Page Contains Image (2)", "case": "rango.nucleus_tests.tests_book.AboutPageTests", "test": "test_about_contain_image", "description": "Check whether 'img src=\"/static/images/' appears in about.html.", "category": 2}}, {"model": "rango.test", "pk": 20, "fields": {"name": "About Contains Create Message (2)", "case": "rango.nucleus_tests.tests_book.AboutPageTests", "test": "test_about_contains_create_message", "description": "Check if 'This tutorial has been put together by' appears on the about page.", "category": 2}}, {"model": "rango.test", "pk": 21, "fields": {"name": "About Page Using Template (3)", "case": "rango.nucleus_tests.tests_book.AboutPageTests", "test": "test_about_using_template", "description": "Check if the 'about.html' template is being used for the about page.", "category": 2}}, {"model": "rango.test", "pk": 22, "fields": {"name": "About Contains Create Message", "case": "rango.nucleus_tests.tests_book.Chapter4ViewTests", "test": "test_about_contains_create_message", "description": "Check if 'This tutorial has been put together by' appears on the about page.", "category": 2}}, {"model": "rango.test", "pk": 23, "fields": {"name": "About Page Using Template (2)", "case": "rango.nucleus_tests.tests_book.Chapter4ViewTests", "test": "test_about_using_template", "description": "Check if the 'about.html' template is being used for the about page.", "category": 2}}, {"model": "rango.test", "pk": 24, "fields": {"name": "About Page Contains Image", "case": "rango.nucleus_tests.tests_book.Chapter4ViewTests", "test": "test_does_about_contain_img", "description": "Check if 'img' appears in 'about.html'.", "category": 2}}, {"model": "rango.test", "pk": 25, "fields": {"name": "Index Contains Image", "case": "rango.nucleus_tests.tests_book.Chapter4ViewTests", "test": "test_does_index_contain_img", "description": "Check whether 'img' appears in 'index.html'", "category": 2}}, {"model": "rango.test", "pk": 26, "fields": {"name": "Index Page Contains Hello Message (2)", "case": "rango.nucleus_tests.tests_book.Chapter4ViewTests", "test": "test_index_contains_hello_message", "description": "Check whether 'Rango says' appears on the index page.", "category": 2}}, {"model": "rango.test", "pk": 27, "fields": {"name": "Admin Interface For Pages Include Category and URL", "case": "rango.nucleus_tests.tests_book.Chapter5ViewTests", "test": "test_admin_interface_page_view", "description": "Check whether 'category' and 'url' exists in PageAdmin.", "category": 3}}, {"model": "rango.test", "pk": 28, "fields": {"name": "Python Category Exists (2)", "case": "rango.nucleus_tests.tests_book.Chapter5ViewTests", "test": "test_python_cat_added", "description": "Checks whether the Python category exists in the database.", "category": 3}}, {"model": "rango.test", "pk": 29, "fields": {"name": "Python Category Has 64 Likes (2)", "case": "rango.nucleus_tests.tests_book.Chapter5ViewTests", "test": "test_python_cat_with_likes", "description": "Tests whether the Python category has 64 likes.", "category": 3}}, {"model": "rango.test", "pk": 30, "fields": {"name": "Python Category Has 128 Views (2)", "case": "rango.nucleus_tests.tests_book.Chapter5ViewTests", "test": "test_python_cat_with_views", "description": "Checks whether the Python category has 128 views.", "category": 3}}, {"model": "rango.test", "pk": 31, "fields": {"name": "Test View Has Title (2)", "case": "rango.nucleus_tests.tests_book.Chapter5ViewTests", "test": "test_view_has_title", "description": "Checks if the html '<title>' and '</title>' tags appear on the index page.", "category": 3}}, {"model": "rango.test", "pk": 32, "fields": {"name": "Category Slug Field Working", "case": "rango.nucleus_tests.tests_book.Chapter6ViewTests", "test": "test_does_slug_field_work", "description": "Creates a Category named 'how do i create a slug in Django' is given a slug field containing 'how-do-i-create-a-slug-field'.", "category": 4}}, {"model": "rango.test", "pk": 33, "fields": {"name": "Serving Static Files (2)", "case": "rango.nucleus_tests.tests_book.GeneralTests", "test": "test_serving_static_files", "description": "Checks whether the file 'images/rango.jpg' exists.", "category": 2}}, {"model": "rango.test", "pk": 34, "fields": {"name": "Index Page Contains Hello Message (2)", "case": "rango.nucleus_tests.tests_book.IndexPageTests", "test": "test_index_contains_hello_message", "description": "Check whether 'Rango says' appears on the index page.", "category": 2}}, {"model": "rango.test", "pk": 35, "fields": {"name": "Index Page Has Title (2)", "case": "rango.nucleus_tests.tests_book.IndexPageTests", "test": "test_index_has_title", "description": "Checks if the html '<title>' and '</title>' tags appear in index.html", "category": 2}}, {"model": "rango.test", "pk": 36, "fields": {"name": "Index Page Using Template (2)", "case": "rango.nucleus_tests.tests_book.IndexPageTests", "test": "test_index_using_template", "description": "Checks if the index page is being displayed using a template", "category": 2}}, {"model": "rango.test", "pk": 37, "fields": {"name": "Rango Picture Displayed On Index (2)", "case": "rango.nucleus_tests.tests_book.IndexPageTests", "test": "test_rango_picture_displayed", "description": "Tests whether 'img src=\"/static/images/rango.jpg' appears on index page once rendered.", "category": 2}}, {"model": "rango.test", "pk": 38, "fields": {"name": "Python Category Exists", "case": "rango.nucleus_tests.tests_book.ModelTests", "test": "test_python_cat_added", "description": "Checks whether the Python category exists in the database.", "category": 3}}, {"model": "rango.test", "pk": 39, "fields": {"name": "Python Category Has 64 Likes", "case": "rango.nucleus_tests.tests_book.ModelTests", "test": "test_python_cat_with_likes", "description": "Tests whether the Python category has 64 likes.", "category": 3}}, {"model": "rango.test", "pk": 40, "fields": {"name": "Python Category Has 128 Views", "case": "rango.nucleus_tests.tests_book.ModelTests", "test": "test_python_cat_with_views", "description": "Checks whether the Python category has 128 views.", "category": 3}}, {"model": "rango.test", "pk": 41, "fields": {"name": "Create A New Category", "case": "rango.nucleus_tests.tests_chapter5.Chapter5ModelTests", "test": "test_create_a_new_category", "description": "Creates a new category and checks to see if it was saved correctly to the database.", "category": 3}}, {"model": "rango.test", "pk": 42, "fields": {"name": "Creating Pages for Categories", "case": "rango.nucleus_tests.tests_chapter5.Chapter5ModelTests", "test": "test_create_pages_for_categories", "description": "Creates pages for a category and tests whether they are being saved properly to the database.", "category": 3}}, {"model": "rango.test", "pk": 43, "fields": {"name": "Population Script Updating Database", "case": "rango.nucleus_tests.tests_chapter5.Chapter5ModelTests", "test": "test_population_script_changes", "description": "Tests whether the population script is creating a Category named \"Python\" with 128 views and 64 likes; a Category named \"Django\" with 64 views and 32 likes; and a Category named \"Other Frameworks\" with 32 views and 16 likes.", "category": 3}}, {"model": "rango.test", "pk": 44, "fields": {"name": "Base Template Exists", "case": "rango.nucleus_tests.tests_chapter8.Chapter8ViewTests", "test": "test_base_template_exists", "description": "Checks whether the 'base.html' exists at ' TEMPLATE_DIR + /rango/base.html'.", "category": 6}}, {"model": "rango.test", "pk": 45, "fields": {"name": "Base Template Links To Index", "case": "rango.nucleus_tests.tests_chapter8.Chapter8ViewTests", "test": "test_link_to_index_in_base_template", "description": "Tests whether a link to the index page exists in the base template.", "category": 6}}, {"model": "rango.test", "pk": 46, "fields": {"name": "Every Page Extending Base Template", "case": "rango.nucleus_tests.tests_chapter8.Chapter8ViewTests", "test": "test_pages_using_templates", "description": "Tests whether each page is extending the 'base.html' template.", "category": 6}}, {"model": "rango.test", "pk": 47, "fields": {"name": "Page Titles Being Displayed", "case": "rango.nucleus_tests.tests_chapter8.Chapter8ViewTests", "test": "test_titles_displayed", "description": "Tests each page to see if they all have a title being displayed.", "category": 6}}, {"model": "rango.test", "pk": 48, "fields": {"name": "Add Page URL Displayed on Category Page", "case": "rango.nucleus_tests.tests_chapter8.Chapter8ViewTests", "test": "test_url_reference_in_category_page", "description": "Checks whether the URL for 'add_page' is being displayed on each category page.", "category": 6}}, {"model": "rango.test", "pk": 49, "fields": {"name": "Index Page Showing More URLs When Logged In", "case": "rango.nucleus_tests.tests_chapter8.Chapter8ViewTests", "test": "test_url_reference_in_index_page_when_logged", "description": "Checks whether the 'add_category', 'restricted', 'logout' and 'about' page URLs are displayed on the index page when a user is logged in.", "category": 6}}, {"model": "rango.test", "pk": 50, "fields": {"name": "Index Page Hiding Some URLs When Not Logged In", "case": "rango.nucleus_tests.tests_chapter8.Chapter8ViewTests", "test": "test_url_reference_in_index_page_when_not_logged", "description": "Tests whether only the 'register', 'login' and 'about' page URLs are appearing when user is not logged in.", "category": 6}}, {"model": "rango.test", "pk": 51, "fields": {"name": "Each Category Contains Slug Field", "case": "rango.nucleus_tests.tests_chapter6.Chapter6ModelTests", "test": "test_category_contains_slug_field", "description": "Tests whether a generated category named \"Test Category\" will be given the slug field \"test-category\".", "category": 4}}, {"model": "rango.test", "pk": 52, "fields": {"name": "Category View Using Context Dictionary", "case": "rango.nucleus_tests.tests_chapter6.Chapter6ViewTests", "test": "test_category_context", "description": "Checks the data in the context dictionary being passed into the show_category view contains the same data as the database.", "category": 4}}, {"model": "rango.test", "pk": 53, "fields": {"name": "Category Page Displays Does Not Exists Message", "case": "rango.nucleus_tests.tests_chapter6.Chapter6ViewTests", "test": "test_category_page_displays_category_does_not_exist_message", "description": "Tests whether \"does not exist!\" appears on the category page if it does not exist.", "category": 4}}, {"model": "rango.test", "pk": 54, "fields": {"name": "Category Page Displays Empty Message", "case": "rango.nucleus_tests.tests_chapter6.Chapter6ViewTests", "test": "test_category_page_displays_empty_message", "description": "Checks whether the category page will display \"No pages currently in category.\" if there are no pages associated with it.", "category": 4}}, {"model": "rango.test", "pk": 55, "fields": {"name": "Category Pages Displaying Pages", "case": "rango.nucleus_tests.tests_chapter6.Chapter6ViewTests", "test": "test_category_page_displays_pages", "description": "Checks to see if each category page is displaying the pages associated with it.", "category": 4}}, {"model": "rango.test", "pk": 56, "fields": {"name": "Category Page Using Template", "case": "rango.nucleus_tests.tests_chapter6.Chapter6ViewTests", "test": "test_category_page_using_template", "description": "Checks to see whether the categories pages are being rendered using a template.", "category": 4}}, {"model": "rango.test", "pk": 57, "fields": {"name": "Link To Categories From Index Page", "case": "rango.nucleus_tests.tests_chapter6.Chapter6ViewTests", "test": "test_index_contains_link_to_categories", "description": "Check whether the index page contains a link to each of the five most liked categories.", "category": 4}}, {"model": "rango.test", "pk": 58, "fields": {"name": "Index View Using Context Dictionary", "case": "rango.nucleus_tests.tests_chapter6.Chapter6ViewTests", "test": "test_index_context", "description": "Tests that if the database if empty, the context dictionary in the index view is also empty. Also checks that if the database is not empty, the data in the context dictionary matches that of the data in the database.", "category": 4}}, {"model": "rango.test", "pk": 59, "fields": {"name": "Index Displaying Five Most Liked Categories", "case": "rango.nucleus_tests.tests_chapter6.Chapter6ViewTests", "test": "test_index_displays_five_most_liked_categories", "description": "Checks whether the index page is displaying the five categories with the most likes.", "category": 4}}, {"model": "rango.test", "pk": 60, "fields": {"name": "Index Displaying Five Most Viewed Pages", "case": "rango.nucleus_tests.tests_chapter6.Chapter6ViewTests", "test": "test_index_displays_five_most_viewed_pages", "description": "Checks whether the index page is displaying the top five viewed pages or not.", "category": 4}}, {"model": "rango.test", "pk": 61, "fields": {"name": "Displays No Categories Message On Index Page", "case": "rango.nucleus_tests.tests_chapter6.Chapter6ViewTests", "test": "test_index_displays_no_categories_message", "description": "Checks to see whether \"There are no categories present.\" is displayed on the index page.", "category": 4}}, {"model": "rango.test", "pk": 62, "fields": {"name": "Static Image Displayed On About Page", "case": "rango.nucleus_tests.tests_chapter4.Chapter4ViewTest", "test": "test_about_contain_image", "description": "Checks whether a static image is being displayed on the about page.", "category": 2}}, {"model": "rango.test", "pk": 63, "fields": {"name": "About Page Using Template", "case": "rango.nucleus_tests.tests_chapter4.Chapter4ViewTest", "test": "test_about_using_template", "description": "Checks to see whether the about page is being rendered using a template.", "category": 2}}, {"model": "rango.test", "pk": 64, "fields": {"name": "Cat Image Displayed On About Page", "case": "rango.nucleus_tests.tests_chapter4.Chapter4ViewTest", "test": "test_cat_picture_displayed", "description": "Checks if media/cat.jpg is being displayed on the about page.", "category": 2}}, {"model": "rango.test", "pk": 65, "fields": {"name": "Index Page Using Template", "case": "rango.nucleus_tests.tests_chapter4.Chapter4ViewTest", "test": "test_index_using_template", "description": "Checks to see whether the index page is being rendered using a template.", "category": 2}}, {"model": "rango.test", "pk": 66, "fields": {"name": "Rango Picture Displayed On Index Page", "case": "rango.nucleus_tests.tests_chapter4.Chapter4ViewTest", "test": "test_rango_picture_displayed", "description": "Tests to see whether the rango.jpg image is displayed on the index page.", "category": 2}}, {"model": "rango.test", "pk": 67, "fields": {"name": "Serving Static Files On Index Page", "case": "rango.nucleus_tests.tests_chapter4.Chapter4ViewTest", "test": "test_serving_static_files", "description": "Searches to see if using static media properly by looking for rango.jpg.", "category": 2}}, {"model": "rango.test", "pk": 68, "fields": {"name": "Index Page Has Title", "case": "rango.nucleus_tests.tests_chapter4.Chapter4ViewTest", "test": "test_view_has_title", "description": "Checks to see whether the index view is using the title tag correctly.", "category": 2}}, {"model": "rango.testrun", "pk": 1, "fields": {"student": 2, "repository_url": "https://github.com/charlie-thomas/django-lab", "date_run": "2017-03-20T19:12:52.664Z", "test_version": "0.1a", "log": ":: Removing the ./repo directory if it exists\n:: Cloning https://github.com/charlie-thomas/django-lab to ./repo\nCloning into './repo'...\n\n:: Application root found in ./repo/tango_with_django_project\n\n:: Copying tests into ./repo/tango_with_django_project/rango/tests/\n\n:: Copying custom test runner into ./repo/tango_with_django_project\n\n:: Using default requirements, none supplied by project.\nCollecting cffi==1.9.1 (from -r default_requirements.txt (line 1))\n  Downloading cffi-1.9.1.tar.gz (407kB)\nCollecting Django==1.10.5 (from -r default_requirements.txt (line 2))\n  Downloading Django-1.10.5-py2.py3-none-any.whl (6.8MB)\nCollecting future==0.16.0 (from -r default_requirements.txt (line 3))\n  Downloading future-0.16.0.tar.gz (824kB)\nCollecting olefile==0.44 (from -r default_requirements.txt (line 4))\n  Downloading olefile-0.44.zip (74kB)\nCollecting Pillow==4.0.0 (from -r default_requirements.txt (line 5))\n  Downloading Pillow-4.0.0.tar.gz (11.1MB)\nCollecting pycparser==2.17 (from -r default_requirements.txt (line 6))\n  Downloading pycparser-2.17.tar.gz (231kB)\nCollecting six==1.10.0 (from -r default_requirements.txt (line 7))\n  Downloading six-1.10.0-py2.py3-none-any.whl\nInstalling collected packages: pycparser, cffi, Django, future, olefile, Pillow, six\n  Running setup.py install for pycparser: started\n    Running setup.py install for pycparser: finished with status 'done'\n  Running setup.py install for cffi: started\n    Running setup.py install for cffi: finished with status 'done'\n  Running setup.py install for future: started\n    Running setup.py install for future: finished with status 'done'\n  Running setup.py install for olefile: started\n    Running setup.py install for olefile: finished with status 'done'\n  Running setup.py install for Pillow: started\n    Running setup.py install for Pillow: finished with status 'done'\nSuccessfully installed Django-1.10.5 Pillow-4.0.0 cffi-1.9.1 future-0.16.0 olefile-0.44 pycparser-2.17 six-1.10.0\n\nChapter 7 - Skipped: test_index_contains_link_to_add_category\nChapter 7 - Skipped: test_add_category_form_is_displayed_correctly\nChapter 7 - Skipped: test_add_page_form_is_displayed_correctly\nChapter 7 - Skipped: test_category_contains_link_to_add_page\nCreating test database for alias 'default'...\nDestroying test database for alias 'default'...\n......\n----------------------------------------------------------------------\nRan 6 tests in 0.037s\n\nOK\nCreating test database for alias 'default'...\nInvalid login details: wronguser, wrongpass\nDestroying test database for alias 'default'...\n.FF..E\n======================================================================\nERROR: test_upload_image (rango.nucleus_tests.tests_chapter9.Chapter9ViewTests)\n----------------------------------------------------------------------\nTraceback (most recent call last):\n  File \"/nucleus/repo/tango_with_django_project/rango/tests/tests_chapter9.py\", line 148, in test_upload_image\n    image = SimpleUploadedFile(\"testuser.jpg\", \"file_content\", content_type=\"image/jpeg\")\n  File \"/usr/local/lib/python3.6/site-packages/django/core/files/uploadedfile.py\", line 113, in __init__\n    super(SimpleUploadedFile, self).__init__(BytesIO(content), None, name,\nTypeError: a bytes-like object is required, not 'str'\n\n======================================================================\nFAIL: test_login_form_is_displayed_correctly (rango.nucleus_tests.tests_chapter9.Chapter9ViewTests)\n----------------------------------------------------------------------\nTraceback (most recent call last):\n  File \"/nucleus/repo/tango_with_django_project/rango/tests/tests_chapter9.py\", line 103, in test_login_form_is_displayed_correctly\n    self.assertIn(b'input id=\"id_username\" maxlength=\"50\" name=\"username\" type=\"text\" required', response.content)\nAssertionError: b'input id=\"id_username\" maxlength=\"50\" name=\"username\" type=\"text\" required' not found in b'<!DOCTYPE html>\\n\\n\\n\\n<html>\\n    <head lang=\"en\">\\n        <meta charset=\"utf-8\"/>\\n        <title>\\n            Rango -\\n            \\n    Login\\n\\n        </title>\\n    </head>\\n    \\n    <body>\\n        <div>\\n            \\n            <ul>\\n    \\n        <li> <strong>There are no categories present.</strong></li>\\n    \\n</ul>\\n            \\n        </div>\\n        <div>\\n            \\n    <h1>Login to Rango</h1>\\n\\n    <form id=\"login_form\" method=\"post\" action=\"/rango/login/\">\\n        \\n        \\n        \\n        <input type=\\'hidden\\' name=\\'csrfmiddlewaretoken\\' value=\\'7Gf8We2wgG4uqNLvV4kuIOO4objwnjhNv2OJDjTTw79M5zAipAs3eLaVzUCHYKgx\\' />\\n        Username: <input type=\"text\" name=\"username\" value=\"\" size=\"50\" />\\n        <br />\\n        Password: <input type=\"password\" name=\"password\" value=\"\" size=\"50\" />\\n        <br />\\n        <input type=\"submit\" value=\"submit\" />\\n    </form>\\n\\n        </div>\\n        <hr />\\n        <div>\\n            <ul>\\n                \\n                    <li><a href=\"/rango/login/\">Sign In</a></li>\\n                    <li><a href=\"/rango/register/\">Sign Up</a></li>\\n                \\n                    <li><a href=\"/rango/about/\">About</a></li>\\n                    <li><a href=\"/rango/\">Index</a></li>\\n            </ul>\\n        </div>\\n    </body>\\n</html>'\n\n======================================================================\nFAIL: test_login_provides_error_message (rango.nucleus_tests.tests_chapter9.Chapter9ViewTests)\n----------------------------------------------------------------------\nTraceback (most recent call last):\n  File \"/nucleus/repo/tango_with_django_project/rango/tests/tests_chapter9.py\", line 124, in test_login_provides_error_message\n    self.assertIn(b'wronguser', response.content)\nAssertionError: b'wronguser' not found in b'<!DOCTYPE html>\\n\\n\\n\\n<html>\\n    <head lang=\"en\">\\n        <meta charset=\"utf-8\"/>\\n        <title>\\n            Rango -\\n            \\n    Login\\n\\n        </title>\\n    </head>\\n    \\n    <body>\\n        <div>\\n            \\n            <ul>\\n    \\n        <li> <strong>There are no categories present.</strong></li>\\n    \\n</ul>\\n            \\n        </div>\\n        <div>\\n            \\n    <h1>Login to Rango</h1>\\n\\n    <form id=\"login_form\" method=\"post\" action=\"/rango/login/\">\\n        \\n        \\n            <p><strong>Your username and/or password were incorrect!</strong></p>\\n        \\n        \\n        <input type=\\'hidden\\' name=\\'csrfmiddlewaretoken\\' value=\\'3wG4DeMhB0Lf4cc9ezC7gMn3n4jTODsudAvLh2H2AdW9FesmCWze71aonXG8h74W\\' />\\n        Username: <input type=\"text\" name=\"username\" value=\"\" size=\"50\" />\\n        <br />\\n        Password: <input type=\"password\" name=\"password\" value=\"\" size=\"50\" />\\n        <br />\\n        <input type=\"submit\" value=\"submit\" />\\n    </form>\\n\\n        </div>\\n        <hr />\\n        <div>\\n            <ul>\\n                \\n                    <li><a href=\"/rango/login/\">Sign In</a></li>\\n                    <li><a href=\"/rango/register/\">Sign Up</a></li>\\n                \\n                    <li><a href=\"/rango/about/\">About</a></li>\\n                    <li><a href=\"/rango/\">Index</a></li>\\n            </ul>\\n        </div>\\n    </body>\\n</html>'\n\nDuring handling of the above exception, another exception occurred:\n\nTraceback (most recent call last):\n  File \"/nucleus/repo/tango_with_django_project/rango/tests/tests_chapter9.py\", line 126, in test_login_provides_error_message\n    self.assertIn(b'Invalid login details supplied.', response.content)\nAssertionError: b'Invalid login details supplied.' not found in b'<!DOCTYPE html>\\n\\n\\n\\n<html>\\n    <head lang=\"en\">\\n        <meta charset=\"utf-8\"/>\\n        <title>\\n            Rango -\\n            \\n    Login\\n\\n        </title>\\n    </head>\\n    \\n    <body>\\n        <div>\\n            \\n            <ul>\\n    \\n        <li> <strong>There are no categories present.</strong></li>\\n    \\n</ul>\\n            \\n        </div>\\n        <div>\\n            \\n    <h1>Login to Rango</h1>\\n\\n    <form id=\"login_form\" method=\"post\" action=\"/rango/login/\">\\n        \\n        \\n            <p><strong>Your username and/or password were incorrect!</strong></p>\\n        \\n        \\n        <input type=\\'hidden\\' name=\\'csrfmiddlewaretoken\\' value=\\'3wG4DeMhB0Lf4cc9ezC7gMn3n4jTODsudAvLh2H2AdW9FesmCWze71aonXG8h74W\\' />\\n        Username: <input type=\"text\" name=\"username\" value=\"\" size=\"50\" />\\n        <br />\\n        Password: <input type=\"password\" name=\"password\" value=\"\" size=\"50\" />\\n        <br />\\n        <input type=\"submit\" value=\"submit\" />\\n    </form>\\n\\n        </div>\\n        <hr />\\n        <div>\\n            <ul>\\n                \\n                    <li><a href=\"/rango/login/\">Sign In</a></li>\\n                    <li><a href=\"/rango/register/\">Sign Up</a></li>\\n                \\n                    <li><a href=\"/rango/about/\">About</a></li>\\n                    <li><a href=\"/rango/\">Index</a></li>\\n            </ul>\\n        </div>\\n    </body>\\n</html>'\n\n----------------------------------------------------------------------\nRan 6 tests in 0.260s\n\nFAILED (failures=2, errors=1)\nCreating test database for alias 'default'...\nTEST COOKIE WORKED!\nDestroying test database for alias 'default'...\n..\n----------------------------------------------------------------------\nRan 2 tests in 0.064s\n\nOK\nCreating test database for alias 'default'...\nTEST COOKIE WORKED!\nTEST COOKIE WORKED!\nDestroying test database for alias 'default'...\n....\n----------------------------------------------------------------------\nRan 4 tests in 1.098s\n\nOK\nCreating test database for alias 'default'...\nSomething went wrong in the populate() function :-(\nSomething went wrong in the populate() function :-(\nSomething went wrong in the populate() function :-(\nSomething went wrong in the populate() function :-(\nSomething went wrong in the populate() function :-(\nSomething went wrong in the populate() function :-(\nSomething went wrong in the populate() function :-(\nSomething went wrong in the populate() function :-(\nSomething went wrong in the populate() function :-(\nDestroying test database for alias 'default'...\n.........FEE.......FEE\n======================================================================\nERROR: test_python_cat_with_likes (rango.nucleus_tests.tests_book.Chapter5ViewTests)\n----------------------------------------------------------------------\nTraceback (most recent call last):\n  File \"/nucleus/repo/tango_with_django_project/rango/tests/tests_book.py\", line 166, in test_python_cat_with_likes\n    self.assertEquals(cat.likes, 64)\nAttributeError: 'NoneType' object has no attribute 'likes'\n\n======================================================================\nERROR: test_python_cat_with_views (rango.nucleus_tests.tests_book.Chapter5ViewTests)\n----------------------------------------------------------------------\nTraceback (most recent call last):\n  File \"/nucleus/repo/tango_with_django_project/rango/tests/tests_book.py\", line 162, in test_python_cat_with_views\n    self.assertEquals(cat.views, 128)\nAttributeError: 'NoneType' object has no attribute 'views'\n\n======================================================================\nERROR: test_python_cat_with_likes (rango.nucleus_tests.tests_book.ModelTests)\n----------------------------------------------------------------------\nTraceback (most recent call last):\n  File \"/nucleus/repo/tango_with_django_project/rango/tests/tests_book.py\", line 100, in test_python_cat_with_likes\n    self.assertEquals(cat.likes, 64)\nAttributeError: 'NoneType' object has no attribute 'likes'\n\n======================================================================\nERROR: test_python_cat_with_views (rango.nucleus_tests.tests_book.ModelTests)\n----------------------------------------------------------------------\nTraceback (most recent call last):\n  File \"/nucleus/repo/tango_with_django_project/rango/tests/tests_book.py\", line 96, in test_python_cat_with_views\n    self.assertEquals(cat.views, 128)\nAttributeError: 'NoneType' object has no attribute 'views'\n\n======================================================================\nFAIL: test_python_cat_added (rango.nucleus_tests.tests_book.Chapter5ViewTests)\n----------------------------------------------------------------------\nTraceback (most recent call last):\n  File \"/nucleus/repo/tango_with_django_project/rango/tests/tests_book.py\", line 157, in test_python_cat_added\n    self.assertIsNotNone(cat)\nAssertionError: unexpectedly None\n\n======================================================================\nFAIL: test_python_cat_added (rango.nucleus_tests.tests_book.ModelTests)\n----------------------------------------------------------------------\nTraceback (most recent call last):\n  File \"/nucleus/repo/tango_with_django_project/rango/tests/tests_book.py\", line 92, in test_python_cat_added\n    self.assertIsNotNone(cat)\nAssertionError: unexpectedly None\n\n----------------------------------------------------------------------\nRan 22 tests in 0.129s\n\nFAILED (failures=2, errors=4)\nCreating test database for alias 'default'...\nDestroying test database for alias 'default'...\n..E\n======================================================================\nERROR: test_population_script_changes (rango.nucleus_tests.tests_chapter5.Chapter5ModelTests)\n----------------------------------------------------------------------\nTraceback (most recent call last):\n  File \"/nucleus/repo/tango_with_django_project/rango/tests/tests_chapter5.py\", line 57, in test_population_script_changes\n    populate_rango.populate()\n  File \"/nucleus/repo/tango_with_django_project/populate_rango.py\", line 46, in populate\n    for cat, cat_data in cats.iteritems():\nAttributeError: 'dict' object has no attribute 'iteritems'\n\n----------------------------------------------------------------------\nRan 3 tests in 0.006s\n\nFAILED (errors=1)\nCreating test database for alias 'default'...\n/nucleus/repo/tango_with_django_project/templates/rango/base.html\nTEST COOKIE WORKED!\n\nTEST COOKIE WORKED!\n\nDestroying test database for alias 'default'...\n.......\n----------------------------------------------------------------------\nRan 7 tests in 0.466s\n\nOK\nCreating test database for alias 'default'...\nDestroying test database for alias 'default'...\n...........\n----------------------------------------------------------------------\nRan 11 tests in 0.364s\n\nOK\nCreating test database for alias 'default'...\nTEST COOKIE WORKED!\nTEST COOKIE WORKED!\nDestroying test database for alias 'default'...\n.......\n----------------------------------------------------------------------\nRan 7 tests in 0.087s\n\nOK\n:: Running tests from tests_chapter7\n:: Finished running tests from tests_chapter7\n\n:: Running tests from tests_chapter9\n:: Finished running tests from tests_chapter9\n\n:: Running tests from tests_chapter3\n:: Finished running tests from tests_chapter3\n\n:: Running tests from tests_chapter10\n:: Finished running tests from tests_chapter10\n\n:: Running tests from tests_book\n:: Finished running tests from tests_book\n\n:: Running tests from tests_chapter5\n:: Finished running tests from tests_chapter5\n\n:: Running tests from tests_chapter8\n:: Finished running tests from tests_chapter8\n\n:: Running tests from tests_chapter6\n:: Finished running tests from tests_chapter6\n\n:: Running tests from tests_chapter4\n:: Finished running tests from tests_chapter4\n\n", "time_taken": "00:00:58.341000", "status": "Complete"}}, {"model": "rango.testrundetail", "pk": 1, "fields": {"record": 1, "test": 1, "passed": true, "log": ""}}, {"model": "rango.testrundetail", "pk": 2, "fields": {"record": 1, "test": 2, "passed": true, "log": ""}}, {"model": "rango.testrundetail", "pk": 3, "fields": {"record": 1, "test": 3, "passed": true, "log": ""}}, {"model": "rango.testrundetail", "pk": 4, "fields": {"record": 1, "test": 4, "passed": true, "log": ""}}, {"model": "rango.testrundetail", "pk": 5, "fields": {"record": 1, "test": 5, "passed": true, "log": ""}}, {"model": "rango.testrundetail", "pk": 6, "fields": {"record": 1, "test": 6, "passed": true, "log": ""}}, {"model": "rango.testrundetail", "pk": 7, "fields": {"record": 1, "test": 7, "passed": true, "log": ""}}, {"model": "rango.testrundetail", "pk": 8, "fields": {"record": 1, "test": 8, "passed": false, "log": "Traceback (most recent call last):\n  File \"/nucleus/repo/tango_with_django_project/rango/tests/tests_chapter9.py\", line 103, in test_login_form_is_displayed_correctly\n    self.assertIn(b'input id=\"id_username\" maxlength=\"50\" name=\"username\" type=\"text\" required', response.content)\nAssertionError: b'input id=\"id_username\" maxlength=\"50\" name=\"username\" type=\"text\" required' not found in b'<!DOCTYPE html>\\n\\n\\n\\n<html>\\n    <head lang=\"en\">\\n        <meta charset=\"utf-8\"/>\\n        <title>\\n            Rango -\\n            \\n    Login\\n\\n        </title>\\n    </head>\\n    \\n    <body>\\n        <div>\\n            \\n            <ul>\\n    \\n        <li> <strong>There are no categories present.</strong></li>\\n    \\n</ul>\\n            \\n        </div>\\n        <div>\\n            \\n    <h1>Login to Rango</h1>\\n\\n    <form id=\"login_form\" method=\"post\" action=\"/rango/login/\">\\n        \\n        \\n        \\n        <input type=\\'hidden\\' name=\\'csrfmiddlewaretoken\\' value=\\'7Gf8We2wgG4uqNLvV4kuIOO4objwnjhNv2OJDjTTw79M5zAipAs3eLaVzUCHYKgx\\' />\\n        Username: <input type=\"text\" name=\"username\" value=\"\" size=\"50\" />\\n        <br />\\n        Password: <input type=\"password\" name=\"password\" value=\"\" size=\"50\" />\\n        <br />\\n        <input type=\"submit\" value=\"submit\" />\\n    </form>\\n\\n        </div>\\n        <hr />\\n        <div>\\n            <ul>\\n                \\n                    <li><a href=\"/rango/login/\">Sign In</a></li>\\n                    <li><a href=\"/rango/register/\">Sign Up</a></li>\\n                \\n                    <li><a href=\"/rango/about/\">About</a></li>\\n                    <li><a href=\"/rango/\">Index</a></li>\\n            </ul>\\n        </div>\\n    </body>\\n</html>'\n"}}, {"model": "rango.testrundetail", "pk": 9, "fields": {"record": 1, "test": 9, "passed": false, "log": "Traceback (most recent call last):\n  File \"/nucleus/repo/tango_with_django_project/rango/tests/tests_chapter9.py\", line 124, in test_login_provides_error_message\n    self.assertIn(b'wronguser', response.content)\nAssertionError: b'wronguser' not found in b'<!DOCTYPE html>\\n\\n\\n\\n<html>\\n    <head lang=\"en\">\\n        <meta charset=\"utf-8\"/>\\n        <title>\\n            Rango -\\n            \\n    Login\\n\\n        </title>\\n    </head>\\n    \\n    <body>\\n        <div>\\n            \\n            <ul>\\n    \\n        <li> <strong>There are no categories present.</strong></li>\\n    \\n</ul>\\n            \\n        </div>\\n        <div>\\n            \\n    <h1>Login to Rango</h1>\\n\\n    <form id=\"login_form\" method=\"post\" action=\"/rango/login/\">\\n        \\n        \\n            <p><strong>Your username and/or password were incorrect!</strong></p>\\n        \\n        \\n        <input type=\\'hidden\\' name=\\'csrfmiddlewaretoken\\' value=\\'3wG4DeMhB0Lf4cc9ezC7gMn3n4jTODsudAvLh2H2AdW9FesmCWze71aonXG8h74W\\' />\\n        Username: <input type=\"text\" name=\"username\" value=\"\" size=\"50\" />\\n        <br />\\n        Password: <input type=\"password\" name=\"password\" value=\"\" size=\"50\" />\\n        <br />\\n        <input type=\"submit\" value=\"submit\" />\\n    </form>\\n\\n        </div>\\n        <hr />\\n        <div>\\n            <ul>\\n                \\n                    <li><a href=\"/rango/login/\">Sign In</a></li>\\n                    <li><a href=\"/rango/register/\">Sign Up</a></li>\\n                \\n                    <li><a href=\"/rango/about/\">About</a></li>\\n                    <li><a href=\"/rango/\">Index</a></li>\\n            </ul>\\n        </div>\\n    </body>\\n</html>'\n\nDuring handling of the above exception, another exception occurred:\n\nTraceback (most recent call last):\n  File \"/nucleus/repo/tango_with_django_project/rango/tests/tests_chapter9.py\", line 126, in test_login_provides_error_message\n    self.assertIn(b'Invalid login details supplied.', response.content)\nAssertionError: b'Invalid login details supplied.' not found in b'<!DOCTYPE html>\\n\\n\\n\\n<html>\\n    <head lang=\"en\">\\n        <meta charset=\"utf-8\"/>\\n        <title>\\n            Rango -\\n            \\n    Login\\n\\n        </title>\\n    </head>\\n    \\n    <body>\\n        <div>\\n            \\n            <ul>\\n    \\n        <li> <strong>There are no categories present.</strong></li>\\n    \\n</ul>\\n            \\n        </div>\\n        <div>\\n            \\n    <h1>Login to Rango</h1>\\n\\n    <form id=\"login_form\" method=\"post\" action=\"/rango/login/\">\\n        \\n        \\n            <p><strong>Your username and/or password were incorrect!</strong></p>\\n        \\n        \\n        <input type=\\'hidden\\' name=\\'csrfmiddlewaretoken\\' value=\\'3wG4DeMhB0Lf4cc9ezC7gMn3n4jTODsudAvLh2H2AdW9FesmCWze71aonXG8h74W\\' />\\n        Username: <input type=\"text\" name=\"username\" value=\"\" size=\"50\" />\\n        <br />\\n        Password: <input type=\"password\" name=\"password\" value=\"\" size=\"50\" />\\n        <br />\\n        <input type=\"submit\" value=\"submit\" />\\n    </form>\\n\\n        </div>\\n        <hr />\\n        <div>\\n            <ul>\\n                \\n                    <li><a href=\"/rango/login/\">Sign In</a></li>\\n                    <li><a href=\"/rango/register/\">Sign Up</a></li>\\n                \\n                    <li><a href=\"/rango/about/\">About</a></li>\\n                    <li><a href=\"/rango/\">Index</a></li>\\n            </ul>\\n        </div>\\n    </body>\\n</html>'\n"}}, {"model": "rango.testrundetail", "pk": 10, "fields": {"record": 1, "test": 10, "passed": true, "log": ""}}, {"model": "rango.testrundetail", "pk": 11, "fields": {"record": 1, "test": 11, "passed": true, "log": ""}}, {"model": "rango.testrundetail", "pk": 12, "fields": {"record": 1, "test": 12, "passed": false, "log": "Traceback (most recent call last):\n  File \"/nucleus/repo/tango_with_django_project/rango/tests/tests_chapter9.py\", line 148, in test_upload_image\n    image = SimpleUploadedFile(\"testuser.jpg\", \"file_content\", content_type=\"image/jpeg\")\n  File \"/usr/local/lib/python3.6/site-packages/django/core/files/uploadedfile.py\", line 113, in __init__\n    super(SimpleUploadedFile, self).__init__(BytesIO(content), None, name,\nTypeError: a bytes-like object is required, not 'str'\n"}}, {"model": "rango.testrundetail", "pk": 13, "fields": {"record": 1, "test": 13, "passed": true, "log": ""}}, {"model": "rango.testrundetail", "pk": 14, "fields": {"record": 1, "test": 14, "passed": true, "log": ""}}, {"model": "rango.testrundetail", "pk": 15, "fields": {"record": 1, "test": 15, "passed": true, "log": ""}}, {"model": "rango.testrundetail", "pk": 16, "fields": {"record": 1, "test": 16, "passed": true, "log": ""}}, {"model": "rango.testrundetail", "pk": 17, "fields": {"record": 1, "test": 17, "passed": true, "log": ""}}, {"model": "rango.testrundetail", "pk": 18, "fields": {"record": 1, "test": 18, "passed": true, "log": ""}}, {"model": "rango.testrundetail", "pk": 19, "fields": {"record": 1, "test": 19, "passed": true, "log": ""}}, {"model": "rango.testrundetail", "pk": 20, "fields": {"record": 1, "test": 20, "passed": true, "log": ""}}, {"model": "rango.testrundetail", "pk": 21, "fields": {"record": 1, "test": 21, "passed": true, "log": ""}}, {"model": "rango.testrundetail", "pk": 22, "fields": {"record": 1, "test": 22, "passed": true, "log": ""}}, {"model": "rango.testrundetail", "pk": 23, "fields": {"record": 1, "test": 23, "passed": true, "log": ""}}, {"model": "rango.testrundetail", "pk": 24, "fields": {"record": 1, "test": 24, "passed": true, "log": ""}}, {"model": "rango.testrundetail", "pk": 25, "fields": {"record": 1, "test": 25, "passed": true, "log": ""}}, {"model": "rango.testrundetail", "pk": 26, "fields": {"record": 1, "test": 26, "passed": true, "log": ""}}, {"model": "rango.testrundetail", "pk": 27, "fields": {"record": 1, "test": 27, "passed": true, "log": ""}}, {"model": "rango.testrundetail", "pk": 28, "fields": {"record": 1, "test": 28, "passed": false, "log": "Traceback (most recent call last):\n  File \"/nucleus/repo/tango_with_django_project/rango/tests/tests_book.py\", line 157, in test_python_cat_added\n    self.assertIsNotNone(cat)\nAssertionError: unexpectedly None\n"}}, {"model": "rango.testrundetail", "pk": 29, "fields": {"record": 1, "test": 29, "passed": false, "log": "Traceback (most recent call last):\n  File \"/nucleus/repo/tango_with_django_project/rango/tests/tests_book.py\", line 166, in test_python_cat_with_likes\n    self.assertEquals(cat.likes, 64)\nAttributeError: 'NoneType' object has no attribute 'likes'\n"}}, {"model": "rango.testrundetail", "pk": 30, "fields": {"record": 1, "test": 30, "passed": false, "log": "Traceback (most recent call last):\n  File \"/nucleus/repo/tango_with_django_project/rango/tests/tests_book.py\", line 162, in test_python_cat_with_views\n    self.assertEquals(cat.views, 128)\nAttributeError: 'NoneType' object has no attribute 'views'\n"}}, {"model": "rango.testrundetail", "pk": 31, "fields": {"record": 1, "test": 31, "passed": true, "log": ""}}, {"model": "rango.testrundetail", "pk": 32, "fields": {"record": 1, "test": 32, "passed": true, "log": ""}}, {"model": "rango.testrundetail", "pk": 33, "fields": {"record": 1, "test": 33, "passed": true, "log": ""}}, {"model": "rango.testrundetail", "pk": 34, "fields": {"record": 1, "test": 34, "passed": true, "log": ""}}, {"model": "rango.testrundetail", "pk": 35, "fields": {"record": 1, "test": 35, "passed": true, "log": ""}}, {"model": "rango.testrundetail", "pk": 36, "fields": {"record": 1, "test": 36, "passed": true, "log": ""}}, {"model": "rango.testrundetail", "pk": 37, "fields": {"record": 1, "test": 37, "passed": true, "log": ""}}, {"model": "rango.testrundetail", "pk": 38, "fields": {"record": 1, "test": 38, "passed": false, "log": "Traceback (most recent call last):\n  File \"/nucleus/repo/tango_with_django_project/rango/tests/tests_book.py\", line 92, in test_python_cat_added\n    self.assertIsNotNone(cat)\nAssertionError: unexpectedly None\n"}}, {"model": "rango.testrundetail", "pk": 39, "fields": {"record": 1, "test": 39, "passed": false, "log": "Traceback (most recent call last):\n  File \"/nucleus/repo/tango_with_django_project/rango/tests/tests_book.py\", line 100, in test_python_cat_with_likes\n    self.assertEquals(cat.likes, 64)\nAttributeError: 'NoneType' object has no attribute 'likes'\n"}}, {"model": "rango.testrundetail", "pk": 40, "fields": {"record": 1, "test": 40, "passed": false, "log": "Traceback (most recent call last):\n  File \"/nucleus/repo/tango_with_django_project/rango/tests/tests_book.py\", line 96, in test_python_cat_with_views\n    self.assertEquals(cat.views, 128)\nAttributeError: 'NoneType' object has no attribute 'views'\n"}}, {"model": "rango.testrundetail", "pk": 41, "fields": {"record": 1, "test": 41, "passed": true, "log": ""}}, {"model": "rango.testrundetail", "pk": 42, "fields": {"record": 1, "test": 42, "passed": true, "log": ""}}, {"model": "rango.testrundetail", "pk": 43, "fields": {"record": 1, "test": 43, "passed": false, "log": "Traceback (most recent call last):\n  File \"/nucleus/repo/tango_with_django_project/rango/tests/tests_chapter5.py\", line 57, in test_population_script_changes\n    populate_rango.populate()\n  File \"/nucleus/repo/tango_with_django_project/populate_rango.py\", line 46, in populate\n    for cat, cat_data in cats.iteritems():\nAttributeError: 'dict' object has no attribute 'iteritems'\n"}}, {"model": "rango.testrundetail", "pk": 44, "fields": {"record": 1, "test": 44, "passed": true, "log": ""}}, {"model": "rango.testrundetail", "pk": 45, "fields": {"record": 1, "test": 45, "passed": true, "log": ""}}, {"model": "rango.testrundetail", "pk": 46, "fields": {"record": 1, "test": 46, "passed": true, "log": ""}}, {"model": "rango.testrundetail", "pk": 47, "fields": {"record": 1, "test": 47, "passed": true, "log": ""}}, {"model": "rango.testrundetail", "pk": 48, "fields": {"record": 1, "test": 48, "passed": true, "log": ""}}, {"model": "rango.testrundetail", "pk": 49, "fields": {"record": 1, "test": 49, "passed": true, "log": ""}}, {"model": "rango.testrundetail", "pk": 50, "fields": {"record": 1, "test": 50, "passed": true, "log": ""}}, {"model": "rango.testrundetail", "pk": 51, "fields": {"record": 1, "test": 51, "passed": true, "log": ""}}, {"model": "rango.testrundetail", "pk": 52, "fields": {"record": 1, "test": 52, "passed": true, "log": ""}}, {"model": "rango.testrundetail", "pk": 53, "fields": {"record": 1, "test": 53, "passed": true, "log": ""}}, {"model": "rango.testrundetail", "pk": 54, "fields": {"record": 1, "test": 54, "passed": true, "log": ""}}, {"model": "rango.testrundetail", "pk": 55, "fields": {"record": 1, "test": 55, "passed": true, "log": ""}}, {"model": "rango.testrundetail", "pk": 56, "fields": {"record": 1, "test": 56, "passed": true, "log": ""}}, {"model": "rango.testrundetail", "pk": 57, "fields": {"record": 1, "test": 57, "passed": true, "log": ""}}, {"model": "rango.testrundetail", "pk": 58, "fields": {"record": 1, "test": 58, "passed": true, "log": ""}}, {"model": "rango.testrundetail", "pk": 59, "fields": {"record": 1, "test": 59, "passed": true, "log": ""}}, {"model": "rango.testrundetail", "pk": 60, "fields": {"record": 1, "test": 60, "passed": true, "log": ""}}, {"model": "rango.testrundetail", "pk": 61, "fields": {"record": 1, "test": 61, "passed": true, "log": ""}}, {"model": "rango.testrundetail", "pk": 62, "fields": {"record": 1, "test": 62, "passed": true, "log": ""}}, {"model": "rango.testrundetail", "pk": 63, "fields": {"record": 1, "test": 63, "passed": true, "log": ""}}, {"model": "rango.testrundetail", "pk": 64, "fields": {"record": 1, "test": 64, "passed": true, "log": ""}}, {"model": "rango.testrundetail", "pk": 65, "fields": {"record": 1, "test": 65, "passed": true, "log": ""}}, {"model": "rango.testrundetail", "pk": 66, "fields": {"record": 1, "test": 66, "passed": true, "log": ""}}, {"model": "rango.testrundetail", "pk": 67, "fields": {"record": 1, "test": 67, "passed": true, "log": ""}}, {"model": "rango.testrundetail", "pk": 68, "fields": {"record": 1, "test": 68, "passed": true, "log": ""}}]
